USE xtfq8cowzznl7iwm;

INSERT INTO Pais(Nombre)
VALUES	("Costa Rica");

INSERT INTO Provincia(Nombre)
VALUES	("Cartago"),
		("San Jose"),
        ("Heredia"),
        ("Alajuela"),
        ("Limon"),
        ("Puntarenas"),
        ("Guanacaste");

INSERT INTO Ubicacion(IdPais, IdProvincia, DireccionExacta)
VALUES	(1,1,"Carrera Estoquegésseu apunyalats economitzada bromerejàveu"),
		(1,2,"Travesía Revertix desencordàreu"),
        (1,3,"Carrer Cansalader enherbàvem desenaspraren apiades"),
        (1,4,"Avenida Fillolejareu síncrones alcadufassin"),
        (1,5,"Rambla Golejàrem absentem"),
        (1,6,"Callejón Esbancant adomassàssiu boxin ubiqüitats"),
        (1,7,"Travesía Aparracant estossegàvem acaloràssim"),
        (1,1,"Travesía Rediticis encorbarem ensumaré caducifoli"),
        (1,2,"Travesía Butllari espinçades"),
        (1,3,"Pasadizo Astroide descentralitzables"),
        (1,4,"Pasadizo Desempastiféssiu pinzells"),
		(1,5,"Rambla Desempolsàvem retardaments esbaldesc enrastellerés"),
        (1,6,"Ronda Guixéssem"),
        (1,7,"Carrera Dèbil organística tractejaven bruela"),
        (1,1,"Acceso Enramellaries altisonant sobreescriureu"),
        (1,2,"Travesía Articulejant distribucions pledejàssiu"),
        (1,3,"Vía Entotsoli dactiloscòpic panells desentronitza"),
        (1,4,"Pasadizo Furonejà discursejaren galantegéssem transportés"),
        (1,5,"Cañada Encoblat"),
        (1,6,"Cuesta Esterrecassin desencasquetassin llencin mediatitzí"),
        (1,7,"Avenida Acagallono nassejassis enfavàvem"),
		(1,1,"Pasaje Higienitz casuàrid descoloraren"),
        (1,2,"Acceso Cicatritzesses enfurrunyarà"),
        (1,3,"Paseo Vots restablim"),
        (1,4,"Alameda Igualareu panamericanista despolitització paguéssem"),
        (1,5,"Glorieta Supervisàs galactagogs ingressàreu"),
        (1,6,"Callejón Descreguéssim rematassin"),
        (1,7,"Pasaje Atermenar fillolejaven"),
        (1,1,"Plaza Pensades anoètic enverinessis");
        
INSERT INTO Estado(Estado)
VALUES	("Nuevo"),
		("Usado");
        
INSERT INTO Color(Nombre)
VALUES	("Negro"),
		("Blanco"),
        ("Verde"),
        ("Rojo"),
        ("Azul");
        
INSERT INTO Taller(IdUbicacion)
VALUES	(1),
		(2);
        
INSERT INTO Mecanico(Cedula, Nombre, Apellido1, Apellido2, FechaDeContratacion, Salario, IdTaller)
VALUES	("1","Daniel","Abad","Navarro","2008-01-11",100000,1),
		("2","Jose","Abadia","Baquero","2009-02-12",200000,1),
        ("3","Maria","Abril","Barral","2010-03-13",300000,1),
        ("4","Raul","Alcolea","Barrios","2011-04-14",400000,1),
        ("5","Juan","Alegre","Belda","2012-05-15",500000,1),
        ("6","Allan","Aleman","Bello","2013-06-16",600000,2),
        ("7","Bryan","Alonso","Bautista","2014-07-17",700000,2),
        ("8","Mateo","Alvaro","Barbero","2015-08-18",800000,2),
        ("9","Carlos","Amador","Bonilla","2016-09-19",900000,2),
        ("10","Emmanuel","Alfaro","Bravo","2017-10-20",1000000,2);
        
INSERT INTO Concesionario(Nombre,IdTaller, IdUbicacion)
VALUES	("Haro Motor",1,3),
		("Serviauto Arenal",2,4);
   
INSERT INTO Cliente(Cedula, Nombre, Telefono, IdUbicacion)
VALUES	("11","Hugo",78746,5),
		("12","Daniel",83101,6),
        ("13","Martin",85213,7),
        ("14","Pablo",78021,8),
        ("15","Lucas",76519,9),
        ("16","Alejandro",74014,10),
        ("17","Alvaro",61542,11),
        ("18","Adrián",72065,12),
        ("19","David",63281,13),
        ("20","Mario",66839,14),
		("21","Manuel",87037,15),
        ("22","Diego",86367,16),
        ("23","Leo",66739,17),
        ("24","Javier",81829,18),
        ("25","Marcos",79486,19),
        ("26","Izan",69797,20),
        ("27","Alex",65968,21),
        ("28","Sergio",75095,22),
        ("29","Enzo",75676,23),
        ("30","Carlos",77613,24),
        ("31","Sebastian",62678,25),
        ("32","Roberto",67227,26),
        ("33","Juan",79856,27),
		("34","Iker",75163,28),
        ("35","Oliver",66782,29);
   
INSERT INTO Coche(Matricula, Modelo, Marca, Kilometros, IdColor, IdEstado, IdCliente, IdConcesionario)
VALUES 	("1","Insight","Honda",0,1,1,1,1),
		("2","Maxima","Nissan",0,2,1,2,1),
        ("3","Corolla","Toyota",0,3,1,3,1),
        ("4","Insight","Honda",0,4,1,4,1),
        ("5","Maxima","Nissan",0,5,1,5,1),
        ("6","Corolla","Toyota",0,1,1,6,1),
        ("7","Insight","Honda",0,2,1,7,1),
        ("8","Maxima","Nissan",100,3,2,8,1),
        ("9","Corolla","Toyota",200,4,2,9,1),
        ("10","Civic Sedan","Honda",300,5,2,10,1),
        ("11","Kicks","Nissan",400,1,2,11,1),
		("12","Avensis","Toyota",500,2,2,12,1),
        ("13","Civic Sedan","Honda",600,3,2,13,1),
        ("14","Kicks","Nissan",700,4,2,14,1),
        ("15","Avensis","Toyota",800,5,2,15,1),
        ("16","Civic Sedan","Honda",0,1,1,16,2),
        ("17","Kicks","Nissan",0,2,1,17,2),
        ("18","Avensis","Toyota",0,3,1,18,2),
        ("19","Accord Hybrid","Honda",0,4,1,19,2),
        ("20","Tiida","Nissan",0,5,1,20,2),
        ("21","Supra","Toyota",100,1,2,21,2),
        ("22","Accord Hybrid","Honda",200,2,2,22,2),
        ("23","Tiida","Nissan",300,3,2,23,2),
        ("24","Supra","Toyota",400,4,2,24,2),
        ("25","Accord Hybrid","Honda",500,5,2,25,2);
        
INSERT INTO Coche(Matricula, Modelo, Marca, Kilometros, IdColor, IdEstado, IdConcesionario)
VALUES 	("26","Insight","Honda",0,1,1,1),
		("27","Maxima","Nissan",0,2,1,1),
        ("28","Sedan","Honda",0,3,1,2),
        ("29","Tiida","Nissan",0,4,1,2);
        
INSERT INTO Ficha(IdCoche, IdCliente)
VALUES	(1,1),
		(2,2),
        (3,3),
        (4,4),
        (5,5),
        (6,6),
        (7,7),
        (8,8),
        (9,9),
        (10,10),
        (11,11),
		(12,12),
        (13,13),
        (14,14),
        (15,15),
        (16,16),
        (17,17),
        (18,18),
        (19,19),
        (20,20),
        (21,21),
        (22,22),
        (23,23),
        (24,24),
        (25,25);
        
INSERT INTO Reparacion(IdCoche, IdMecanico, CantidadDeHoras, Fecha)
VALUES	(1,1,1,"2018-01-01 01:01:50"),
		(2,2,2,"2018-02-01 02:02:49"),
        (3,3,3,"2018-03-01 03:03:48"),
        (4,4,4,"2018-04-01 04:04:47"),
        (5,5,5,"2018-05-01 05:05:46"),
        (6,1,6,"2018-06-01 06:06:45"),
        (7,2,7,"2018-07-01 07:07:44"),
        (8,3,8,"2018-08-01 08:08:43"),
        (9,4,9,"2018-09-01 09:09:42"),
        (10,5,10,"2018-10-01 10:10:41"),
        (1,1,11,"2018-11-01 11:11:40"),
		(2,2,12,"2018-12-01 12:12:39"),
        (3,3,13,"2019-01-01 13:13:38"),
        (4,4,14,"2019-02-01 14:14:37"),
        (5,5,15,"2019-03-01 15:15:36"),
        (6,1,16,"2019-04-01 16:16:35"),
        (7,2,17,"2019-05-01 17:17:34"),
        (8,3,18,"2019-06-01 18:18:33"),
        (9,4,19,"2019-07-01 19:19:32"),
        (10,5,20,"2018-01-01 20:20:31"),
        (1,1,21,"2018-02-01 21:21:30"),
		(2,2,22,"2018-03-02 22:22:29"),
        (3,3,23,"2018-04-03 23:23:28"),
        (4,4,24,"2018-05-04 23:24:27"),
        (5,5,25,"2018-06-05 01:25:26"),
        (6,1,26,"2018-07-06 02:26:25"),
        (7,2,27,"2018-08-07 03:27:24"),
        (8,3,28,"2018-09-08 04:28:23"),
        (9,4,29,"2018-10-09 05:29:22"),
        (10,5,30,"2018-11-10 06:30:21"),
        (1,1,1,"2018-12-11 07:31:20"),
		(2,2,2,"2019-01-09 08:32:19"),
        (3,3,3,"2018-02-08 09:33:18"),
        (4,4,4,"2019-03-07 10:34:17"),
        (5,5,5,"2018-04-06 11:35:16"),
        (6,1,6,"2018-05-05 12:36:15"),
        (7,2,7,"2019-06-04 13:37:14"),
        (8,3,8,"2018-07-03 14:38:13"),
        (9,4,9,"2019-08-02 15:39:12"),
        (10,5,10,"2018-09-01 16:40:11"),
        (16,6,1,"2019-01-10 17:41:10"),
		(17,7,2,"2018-02-09 18:42:09"),
        (18,8,3,"2019-03-08 19:43:08"),
        (19,9,4,"2018-04-07 20:44:07"),
        (20,10,5,"2019-05-06 21:45:06"),
        (21,6,6,"2018-06-05 22:46:05"),
        (22,7,7,"2019-07-04 23:47:04"),
        (23,8,8,"2018-08-03 23:48:03"),
        (24,9,9,"2019-09-02 01:49:02"),
        (25,10,10,"2018-10-01 02:50:01");